Phrase_FR,Phrase_EN,Topic
Je dois saisir l'avoir dans le logiciel.,I must enter the credit note in the software.,ACCOUNTING
L'écriture n'est pas justifiée dans le grand livre.,The entry is not justified in the general ledger.,ACCOUNTING
Il faut régulariser les écritures de clôture avant la clôture.,Must regularize closing entries before closing.,ACCOUNTING
Il manque l'avoir selon les normes.,Missing the credit note according to standards.,ACCOUNTING
La TVA est incorrecte sur l'exercice N.,The VAT is incorrect on year N.,ACCOUNTING
Je dois saisir les écritures de clôture dans le logiciel.,I must enter closing entries in the software.,ACCOUNTING
On doit amortir les écritures de clôture dans le logiciel.,We must depreciate closing entries in the software.,ACCOUNTING
Il faut régulariser la facture fournisseur avant la clôture.,Must regularize the supplier invoice before closing.,ACCOUNTING
Il manque l'avoir dans le logiciel.,Missing the credit note in the software.,ACCOUNTING
Je dois saisir les écritures de clôture avant la clôture.,I must enter closing entries before closing.,ACCOUNTING
La balance ne s'équilibre pas sur l'exercice N.,The balance does not balance on year N.,ACCOUNTING
L'écriture est incorrecte dans le grand livre.,The entry is incorrect in the general ledger.,ACCOUNTING
Il faut régulariser l'avoir avant la clôture.,Must regularize the credit note before closing.,ACCOUNTING
Je dois saisir les amortissements avant la clôture.,I must enter depreciations before closing.,ACCOUNTING
La balance ne s'équilibre pas dans le grand livre.,The balance does not balance in the general ledger.,ACCOUNTING
Je dois saisir les amortissements selon les normes.,I must enter depreciations according to standards.,ACCOUNTING
Il manque l'avoir avant la clôture.,Missing the credit note before closing.,ACCOUNTING
Je dois saisir l'avoir selon les normes.,I must enter the credit note according to standards.,ACCOUNTING
Je dois saisir la facture fournisseur selon les normes.,I must enter the supplier invoice according to standards.,ACCOUNTING
La provision n'est pas justifiée pour ce mois.,The provision is not justified for this month.,ACCOUNTING
On doit amortir l'avoir selon les normes.,We must depreciate the credit note according to standards.,ACCOUNTING
L'écriture n'est pas justifiée sur l'exercice N.,The entry is not justified on year N.,ACCOUNTING
La TVA est incorrecte pour ce mois.,The VAT is incorrect for this month.,ACCOUNTING
Il faut régulariser la facture fournisseur dans le logiciel.,Must regularize the supplier invoice in the software.,ACCOUNTING
Le bilan est fausse sur l'exercice N.,The balance sheet is wrong on year N.,ACCOUNTING
Il manque les amortissements selon les normes.,Missing depreciations according to standards.,ACCOUNTING
La provision est fausse pour ce mois.,The provision is wrong for this month.,ACCOUNTING
Le bilan est fausse dans le grand livre.,The balance sheet is wrong in the general ledger.,ACCOUNTING
Je dois saisir l'avoir avant la clôture.,I must enter the credit note before closing.,ACCOUNTING
L'écriture ne s'équilibre pas sur l'exercice N.,The entry does not balance on year N.,ACCOUNTING
Il faut régulariser l'avoir dans le logiciel.,Must regularize the credit note in the software.,ACCOUNTING
La provision ne s'équilibre pas sur l'exercice N.,The provision does not balance on year N.,ACCOUNTING
L'écriture ne s'équilibre pas pour ce mois.,The entry does not balance for this month.,ACCOUNTING
On doit amortir la facture fournisseur dans le logiciel.,We must depreciate the supplier invoice in the software.,ACCOUNTING
La provision n'est pas justifiée sur l'exercice N.,The provision is not justified on year N.,ACCOUNTING
La balance n'est pas justifiée pour ce mois.,The balance is not justified for this month.,ACCOUNTING
La balance est fausse pour ce mois.,The balance is wrong for this month.,ACCOUNTING
La TVA ne s'équilibre pas sur l'exercice N.,The VAT does not balance on year N.,ACCOUNTING
Il manque les écritures de clôture dans le logiciel.,Missing closing entries in the software.,ACCOUNTING
La provision ne s'équilibre pas dans le grand livre.,The provision does not balance in the general ledger.,ACCOUNTING
Il faut régulariser les amortissements selon les normes.,Must regularize depreciations according to standards.,ACCOUNTING
Je dois saisir la facture fournisseur avant la clôture.,I must enter the supplier invoice before closing.,ACCOUNTING
Le bilan ne s'équilibre pas sur l'exercice N.,The balance sheet does not balance on year N.,ACCOUNTING
La balance n'est pas justifiée sur l'exercice N.,The balance is not justified on year N.,ACCOUNTING
La TVA ne s'équilibre pas dans le grand livre.,The VAT does not balance in the general ledger.,ACCOUNTING
L'écriture est fausse sur l'exercice N.,The entry is wrong on year N.,ACCOUNTING
La TVA n'est pas justifiée sur l'exercice N.,The VAT is not justified on year N.,ACCOUNTING
Il faut régulariser la facture fournisseur selon les normes.,Must regularize the supplier invoice according to standards.,ACCOUNTING
On doit amortir les amortissements selon les normes.,We must depreciate depreciations according to standards.,ACCOUNTING
La TVA est incorrecte dans le grand livre.,The VAT is incorrect in the general ledger.,ACCOUNTING
Le bilan est incorrecte pour ce mois.,The balance sheet is incorrect for this month.,ACCOUNTING
Le bilan est incorrecte sur l'exercice N.,The balance sheet is incorrect on year N.,ACCOUNTING
L'écriture est fausse pour ce mois.,The entry is wrong for this month.,ACCOUNTING
On doit amortir l'avoir avant la clôture.,We must depreciate the credit note before closing.,ACCOUNTING
La TVA n'est pas justifiée dans le grand livre.,The VAT is not justified in the general ledger.,ACCOUNTING
La TVA ne s'équilibre pas pour ce mois.,The VAT does not balance for this month.,ACCOUNTING
Il manque la facture fournisseur selon les normes.,Missing the supplier invoice according to standards.,ACCOUNTING
L'écriture est incorrecte sur l'exercice N.,The entry is incorrect on year N.,ACCOUNTING
Il manque les écritures de clôture avant la clôture.,Missing closing entries before closing.,ACCOUNTING
La TVA est fausse pour ce mois.,The VAT is wrong for this month.,ACCOUNTING
La provision ne s'équilibre pas pour ce mois.,The provision does not balance for this month.,ACCOUNTING
La balance est fausse sur l'exercice N.,The balance is wrong on year N.,ACCOUNTING
La TVA est fausse sur l'exercice N.,The VAT is wrong on year N.,ACCOUNTING
Il faut régulariser les amortissements avant la clôture.,Must regularize depreciations before closing.,ACCOUNTING
Je dois saisir les amortissements dans le logiciel.,I must enter depreciations in the software.,ACCOUNTING
On doit amortir les écritures de clôture avant la clôture.,We must depreciate closing entries before closing.,ACCOUNTING
La balance est incorrecte sur l'exercice N.,The balance is incorrect on year N.,ACCOUNTING
La balance est incorrecte pour ce mois.,The balance is incorrect for this month.,ACCOUNTING
Je dois saisir les écritures de clôture selon les normes.,I must enter closing entries according to standards.,ACCOUNTING
Il faut régulariser l'avoir selon les normes.,Must regularize the credit note according to standards.,ACCOUNTING
On doit amortir les écritures de clôture selon les normes.,We must depreciate closing entries according to standards.,ACCOUNTING
La provision est fausse sur l'exercice N.,The provision is wrong on year N.,ACCOUNTING
Le bilan est incorrecte dans le grand livre.,The balance sheet is incorrect in the general ledger.,ACCOUNTING
La provision est incorrecte sur l'exercice N.,The provision is incorrect on year N.,ACCOUNTING
L'écriture est fausse dans le grand livre.,The entry is wrong in the general ledger.,ACCOUNTING
La balance ne s'équilibre pas pour ce mois.,The balance does not balance for this month.,ACCOUNTING
Il manque les amortissements dans le logiciel.,Missing depreciations in the software.,ACCOUNTING
Le bilan ne s'équilibre pas dans le grand livre.,The balance sheet does not balance in the general ledger.,ACCOUNTING
Le bilan est fausse pour ce mois.,The balance sheet is wrong for this month.,ACCOUNTING
La provision est incorrecte dans le grand livre.,The provision is incorrect in the general ledger.,ACCOUNTING
L'écriture n'est pas justifiée pour ce mois.,The entry is not justified for this month.,ACCOUNTING
Il faut régulariser les amortissements dans le logiciel.,Must regularize depreciations in the software.,ACCOUNTING
Je dois saisir la facture fournisseur dans le logiciel.,I must enter the supplier invoice in the software.,ACCOUNTING
On doit amortir l'avoir dans le logiciel.,We must depreciate the credit note in the software.,ACCOUNTING
Le bilan n'est pas justifiée sur l'exercice N.,The balance sheet is not justified on year N.,ACCOUNTING
Il manque les écritures de clôture selon les normes.,Missing closing entries according to standards.,ACCOUNTING
La TVA est fausse dans le grand livre.,The VAT is wrong in the general ledger.,ACCOUNTING
Il manque la facture fournisseur avant la clôture.,Missing the supplier invoice before closing.,ACCOUNTING
Il faut régulariser les écritures de clôture dans le logiciel.,Must regularize closing entries in the software.,ACCOUNTING
La TVA n'est pas justifiée pour ce mois.,The VAT is not justified for this month.,ACCOUNTING
La provision n'est pas justifiée dans le grand livre.,The provision is not justified in the general ledger.,ACCOUNTING
Le bilan n'est pas justifiée pour ce mois.,The balance sheet is not justified for this month.,ACCOUNTING
L'écriture est incorrecte pour ce mois.,The entry is incorrect for this month.,ACCOUNTING
Le bilan n'est pas justifiée dans le grand livre.,The balance sheet is not justified in the general ledger.,ACCOUNTING
Le bilan ne s'équilibre pas pour ce mois.,The balance sheet does not balance for this month.,ACCOUNTING
La balance est incorrecte dans le grand livre.,The balance is incorrect in the general ledger.,ACCOUNTING
Il manque les amortissements avant la clôture.,Missing depreciations before closing.,ACCOUNTING
On doit amortir les amortissements dans le logiciel.,We must depreciate depreciations in the software.,ACCOUNTING
On doit amortir les amortissements avant la clôture.,We must depreciate depreciations before closing.,ACCOUNTING
Il faut régulariser les écritures de clôture selon les normes.,Must regularize closing entries according to standards.,ACCOUNTING
La provision est incorrecte pour ce mois.,The provision is incorrect for this month.,ACCOUNTING
On doit amortir la facture fournisseur selon les normes.,We must depreciate the supplier invoice according to standards.,ACCOUNTING
La balance n'est pas justifiée dans le grand livre.,The balance is not justified in the general ledger.,ACCOUNTING
On doit amortir la facture fournisseur avant la clôture.,We must depreciate the supplier invoice before closing.,ACCOUNTING
La balance est fausse dans le grand livre.,The balance is wrong in the general ledger.,ACCOUNTING
La provision est fausse dans le grand livre.,The provision is wrong in the general ledger.,ACCOUNTING
Il manque la facture fournisseur dans le logiciel.,Missing the supplier invoice in the software.,ACCOUNTING
L'écriture ne s'équilibre pas dans le grand livre.,The entry does not balance in the general ledger.,ACCOUNTING
Le solde a été refusé.,The balance was declined.,BANKING
Augmente le paiement je suis à découvert.,Increase the payment I am overdrawn.,BANKING
Bloque le virement le code est faux.,Block the transfer wrong code.,BANKING
Bloque le plafond je suis à découvert.,Block the limit I am overdrawn.,BANKING
Le terminal a été refusé.,The terminal was declined.,BANKING
Annule le prélèvement le code est faux.,Cancel the direct debit wrong code.,BANKING
Le terminal est insuffisant.,The terminal is insufficient.,BANKING
Le paiement est bloqué.,The payment is blocked.,BANKING
Le solde est bloqué.,The balance is blocked.,BANKING
Mon compte a été refusé.,My account was declined.,BANKING
Le solde est insuffisant.,The balance is insufficient.,BANKING
Le paiement est insuffisant.,The payment is insufficient.,BANKING
Mon compte ne passe pas.,My account does not go through.,BANKING
Mon compte est bloqué.,My account is blocked.,BANKING
Augmente le prélèvement c'est une fraude.,Increase the direct debit it is a fraud.,BANKING
Refuse le plafond je suis à découvert.,Decline the limit I am overdrawn.,BANKING
Le terminal est bloqué.,The terminal is blocked.,BANKING
Le solde ne passe pas.,The balance does not go through.,BANKING
Le paiement a été refusé.,The payment was declined.,BANKING
Bloque le virement c'est une fraude.,Block the transfer it is a fraud.,BANKING
Valide le virement le code est faux.,Validate the transfer wrong code.,BANKING
Le paiement ne passe pas.,The payment does not go through.,BANKING
Augmente le prélèvement je suis à découvert.,Increase the direct debit I am overdrawn.,BANKING
Valide le virement tout de suite.,Validate the transfer immediately.,BANKING
Augmente le plafond je suis à découvert.,Increase the limit I am overdrawn.,BANKING
Mon compte est insuffisant.,My account is insufficient.,BANKING
Le terminal ne passe pas.,The terminal does not go through.,BANKING
Refuse le paiement je suis à découvert.,Decline the payment I am overdrawn.,BANKING
Valide ma carte tout de suite.,Validate my card immediately.,BANKING
Annule le virement le code est faux.,Cancel the transfer wrong code.,BANKING
Valide le plafond le code est faux.,Validate the limit wrong code.,BANKING
Oppose le prélèvement tout de suite.,Stop the direct debit immediately.,BANKING
Augmente le paiement c'est une fraude.,Increase the payment it is a fraud.,BANKING
Oppose le paiement je suis à découvert.,Stop the payment I am overdrawn.,BANKING
Bloque le prélèvement tout de suite.,Block the direct debit immediately.,BANKING
Augmente le prélèvement tout de suite.,Increase the direct debit immediately.,BANKING
Refuse le plafond c'est une fraude.,Decline the limit it is a fraud.,BANKING
Augmente le paiement tout de suite.,Increase the payment immediately.,BANKING
Augmente le paiement le code est faux.,Increase the payment wrong code.,BANKING
Refuse ma carte tout de suite.,Decline my card immediately.,BANKING
Bloque le paiement le code est faux.,Block the payment wrong code.,BANKING
Annule le virement je suis à découvert.,Cancel the transfer I am overdrawn.,BANKING
Bloque ma carte tout de suite.,Block my card immediately.,BANKING
Refuse le paiement tout de suite.,Decline the payment immediately.,BANKING
Annule ma carte tout de suite.,Cancel my card immediately.,BANKING
Valide le paiement le code est faux.,Validate the payment wrong code.,BANKING
Bloque ma carte c'est une fraude.,Block my card it is a fraud.,BANKING
Refuse le plafond tout de suite.,Decline the limit immediately.,BANKING
Augmente le plafond c'est une fraude.,Increase the limit it is a fraud.,BANKING
Augmente ma carte je suis à découvert.,Increase my card I am overdrawn.,BANKING
Oppose le plafond tout de suite.,Stop the limit immediately.,BANKING
Annule le paiement tout de suite.,Cancel the payment immediately.,BANKING
Refuse ma carte je suis à découvert.,Decline my card I am overdrawn.,BANKING
Augmente ma carte c'est une fraude.,Increase my card it is a fraud.,BANKING
Augmente le plafond tout de suite.,Increase the limit immediately.,BANKING
Bloque le plafond tout de suite.,Block the limit immediately.,BANKING
Refuse le prélèvement le code est faux.,Decline the direct debit wrong code.,BANKING
Annule ma carte le code est faux.,Cancel my card wrong code.,BANKING
Bloque le paiement tout de suite.,Block the payment immediately.,BANKING
Annule le virement c'est une fraude.,Cancel the transfer it is a fraud.,BANKING
Bloque le plafond le code est faux.,Block the limit wrong code.,BANKING
Refuse le virement c'est une fraude.,Decline the transfer it is a fraud.,BANKING
Bloque le plafond c'est une fraude.,Block the limit it is a fraud.,BANKING
Annule le prélèvement tout de suite.,Cancel the direct debit immediately.,BANKING
Valide le virement c'est une fraude.,Validate the transfer it is a fraud.,BANKING
Refuse ma carte le code est faux.,Decline my card wrong code.,BANKING
Augmente le prélèvement le code est faux.,Increase the direct debit wrong code.,BANKING
Annule le prélèvement c'est une fraude.,Cancel the direct debit it is a fraud.,BANKING
Annule le virement tout de suite.,Cancel the transfer immediately.,BANKING
Augmente le virement le code est faux.,Increase the transfer wrong code.,BANKING
Annule le plafond tout de suite.,Cancel the limit immediately.,BANKING
Valide le plafond c'est une fraude.,Validate the limit it is a fraud.,BANKING
Refuse le prélèvement c'est une fraude.,Decline the direct debit it is a fraud.,BANKING
Oppose le prélèvement je suis à découvert.,Stop the direct debit I am overdrawn.,BANKING
Valide le prélèvement le code est faux.,Validate the direct debit wrong code.,BANKING
Bloque le virement tout de suite.,Block the transfer immediately.,BANKING
Annule le paiement je suis à découvert.,Cancel the payment I am overdrawn.,BANKING
Valide le plafond je suis à découvert.,Validate the limit I am overdrawn.,BANKING
Valide ma carte le code est faux.,Validate my card wrong code.,BANKING
Bloque le virement je suis à découvert.,Block the transfer I am overdrawn.,BANKING
Refuse le virement je suis à découvert.,Decline the transfer I am overdrawn.,BANKING
Augmente le virement tout de suite.,Increase the transfer immediately.,BANKING
Refuse le paiement le code est faux.,Decline the payment wrong code.,BANKING
Oppose le plafond c'est une fraude.,Stop the limit it is a fraud.,BANKING
Bloque le prélèvement le code est faux.,Block the direct debit wrong code.,BANKING
Refuse le virement le code est faux.,Decline the transfer wrong code.,BANKING
Oppose le virement je suis à découvert.,Stop the transfer I am overdrawn.,BANKING
Bloque le prélèvement c'est une fraude.,Block the direct debit it is a fraud.,BANKING
Annule le paiement c'est une fraude.,Cancel the payment it is a fraud.,BANKING
Oppose ma carte tout de suite.,Stop my card immediately.,BANKING
Oppose le virement le code est faux.,Stop the transfer wrong code.,BANKING
Augmente le virement c'est une fraude.,Increase the transfer it is a fraud.,BANKING
Oppose le prélèvement c'est une fraude.,Stop the direct debit it is a fraud.,BANKING
Oppose le paiement c'est une fraude.,Stop the payment it is a fraud.,BANKING
Oppose le virement c'est une fraude.,Stop the transfer it is a fraud.,BANKING
Annule ma carte je suis à découvert.,Cancel my card I am overdrawn.,BANKING
Refuse ma carte c'est une fraude.,Decline my card it is a fraud.,BANKING
Bloque ma carte je suis à découvert.,Block my card I am overdrawn.,BANKING
Bloque ma carte le code est faux.,Block my card wrong code.,BANKING
Valide ma carte je suis à découvert.,Validate my card I am overdrawn.,BANKING
Valide le prélèvement je suis à découvert.,Validate the direct debit I am overdrawn.,BANKING
Valide le plafond tout de suite.,Validate the limit immediately.,BANKING
Annule le prélèvement je suis à découvert.,Cancel the direct debit I am overdrawn.,BANKING
Oppose le virement tout de suite.,Stop the transfer immediately.,BANKING
Annule le plafond je suis à découvert.,Cancel the limit I am overdrawn.,BANKING
Augmente ma carte le code est faux.,Increase my card wrong code.,BANKING
Bloque le prélèvement je suis à découvert.,Block the direct debit I am overdrawn.,BANKING
Refuse le paiement c'est une fraude.,Decline the payment it is a fraud.,BANKING
Refuse le prélèvement je suis à découvert.,Decline the direct debit I am overdrawn.,BANKING
Bloque le paiement je suis à découvert.,Block the payment I am overdrawn.,BANKING
Augmente ma carte tout de suite.,Increase my card immediately.,BANKING
Oppose ma carte je suis à découvert.,Stop my card I am overdrawn.,BANKING
Valide le paiement tout de suite.,Validate the payment immediately.,BANKING
Valide le prélèvement tout de suite.,Validate the direct debit immediately.,BANKING
Valide le prélèvement c'est une fraude.,Validate the direct debit it is a fraud.,BANKING
Bloque le paiement c'est une fraude.,Block the payment it is a fraud.,BANKING
Oppose le prélèvement le code est faux.,Stop the direct debit wrong code.,BANKING
Oppose ma carte le code est faux.,Stop my card wrong code.,BANKING
Valide le paiement je suis à découvert.,Validate the payment I am overdrawn.,BANKING
Oppose le paiement le code est faux.,Stop the payment wrong code.,BANKING
Oppose le paiement tout de suite.,Stop the payment immediately.,BANKING
Annule le plafond le code est faux.,Cancel the limit wrong code.,BANKING
Annule le plafond c'est une fraude.,Cancel the limit it is a fraud.,BANKING
Refuse le virement tout de suite.,Decline the transfer immediately.,BANKING
Annule le paiement le code est faux.,Cancel the payment wrong code.,BANKING
Valide le virement je suis à découvert.,Validate the transfer I am overdrawn.,BANKING
Valide ma carte c'est une fraude.,Validate my card it is a fraud.,BANKING
Refuse le prélèvement tout de suite.,Decline the direct debit immediately.,BANKING
Augmente le virement je suis à découvert.,Increase the transfer I am overdrawn.,BANKING
Oppose le plafond le code est faux.,Stop the limit wrong code.,BANKING
Annule ma carte c'est une fraude.,Cancel my card it is a fraud.,BANKING
Augmente le plafond le code est faux.,Increase the limit wrong code.,BANKING
Le contrat est envoyé pour le closing.,The contract is sent for the closing.,BUSINESS
Le prospect nécessite une validation avec la clause de sortie.,The prospect needs validation with the exit clause.,BUSINESS
L'appel d'offres hésite encore pour le closing.,The tender is still hesitating for the closing.,BUSINESS
Le prospect veut signer pour le closing.,The prospect wants to sign for the closing.,BUSINESS
Le prospect veut signer pour augmenter la marge.,The prospect wants to sign to increase margin.,BUSINESS
Le client hésite encore pour le closing.,The client is still hesitating for the closing.,BUSINESS
Le contrat nécessite une validation avec la clause de sortie.,The contract needs validation with the exit clause.,BUSINESS
L'appel d'offres est envoyé avec la clause de sortie.,The tender is sent with the exit clause.,BUSINESS
Le prospect est envoyé pour augmenter la marge.,The prospect is sent to increase margin.,BUSINESS
Le contrat nécessite une validation pour le closing.,The contract needs validation for the closing.,BUSINESS
Le contrat nécessite une validation pour augmenter la marge.,The contract needs validation to increase margin.,BUSINESS
L'appel d'offres veut signer pour augmenter la marge.,The tender wants to sign to increase margin.,BUSINESS
Le client nécessite une validation pour le closing.,The client needs validation for the closing.,BUSINESS
L'appel d'offres nécessite une validation pour augmenter la marge.,The tender needs validation to increase margin.,BUSINESS
L'appel d'offres est gagné avant demain.,The tender is won before tomorrow.,BUSINESS
Le contrat veut signer pour le closing.,The contract wants to sign for the closing.,BUSINESS
Le contrat est gagné avant demain.,The contract is won before tomorrow.,BUSINESS
Le contrat nécessite une validation avant demain.,The contract needs validation before tomorrow.,BUSINESS
L'appel d'offres veut signer avec la clause de sortie.,The tender wants to sign with the exit clause.,BUSINESS
L'appel d'offres hésite encore avant demain.,The tender is still hesitating before tomorrow.,BUSINESS
Le contrat veut signer pour augmenter la marge.,The contract wants to sign to increase margin.,BUSINESS
L'appel d'offres est envoyé avant demain.,The tender is sent before tomorrow.,BUSINESS
Le prospect hésite encore pour augmenter la marge.,The prospect is still hesitating to increase margin.,BUSINESS
Le client hésite encore avec la clause de sortie.,The client is still hesitating with the exit clause.,BUSINESS
Le prospect hésite encore avec la clause de sortie.,The prospect is still hesitating with the exit clause.,BUSINESS
L'appel d'offres nécessite une validation avant demain.,The tender needs validation before tomorrow.,BUSINESS
Le prospect est gagné pour le closing.,The prospect is won for the closing.,BUSINESS
Le contrat hésite encore avec la clause de sortie.,The contract is still hesitating with the exit clause.,BUSINESS
L'appel d'offres est envoyé pour augmenter la marge.,The tender is sent to increase margin.,BUSINESS
L'appel d'offres nécessite une validation pour le closing.,The tender needs validation for the closing.,BUSINESS
L'appel d'offres est envoyé pour le closing.,The tender is sent for the closing.,BUSINESS
Le client est envoyé avec la clause de sortie.,The client is sent with the exit clause.,BUSINESS
L'appel d'offres hésite encore avec la clause de sortie.,The tender is still hesitating with the exit clause.,BUSINESS
Le contrat est gagné pour le closing.,The contract is won for the closing.,BUSINESS
Le client est gagné avant demain.,The client is won before tomorrow.,BUSINESS
Le client est envoyé pour augmenter la marge.,The client is sent to increase margin.,BUSINESS
Le prospect nécessite une validation pour le closing.,The prospect needs validation for the closing.,BUSINESS
Le contrat est envoyé avec la clause de sortie.,The contract is sent with the exit clause.,BUSINESS
Le client est envoyé pour le closing.,The client is sent for the closing.,BUSINESS
Le client hésite encore pour augmenter la marge.,The client is still hesitating to increase margin.,BUSINESS
Le client est gagné pour augmenter la marge.,The client is won to increase margin.,BUSINESS
Le client nécessite une validation avec la clause de sortie.,The client needs validation with the exit clause.,BUSINESS
L'appel d'offres hésite encore pour augmenter la marge.,The tender is still hesitating to increase margin.,BUSINESS
Le prospect est envoyé avec la clause de sortie.,The prospect is sent with the exit clause.,BUSINESS
Le prospect est envoyé pour le closing.,The prospect is sent for the closing.,BUSINESS
Le prospect est envoyé avant demain.,The prospect is sent before tomorrow.,BUSINESS
Le prospect est gagné avant demain.,The prospect is won before tomorrow.,BUSINESS
Le contrat hésite encore pour augmenter la marge.,The contract is still hesitating to increase margin.,BUSINESS
Le client veut signer pour le closing.,The client wants to sign for the closing.,BUSINESS
Le prospect veut signer avant demain.,The prospect wants to sign before tomorrow.,BUSINESS
Le prospect veut signer avec la clause de sortie.,The prospect wants to sign with the exit clause.,BUSINESS
Le contrat veut signer avec la clause de sortie.,The contract wants to sign with the exit clause.,BUSINESS
L'appel d'offres est gagné avec la clause de sortie.,The tender is won with the exit clause.,BUSINESS
Le client hésite encore avant demain.,The client is still hesitating before tomorrow.,BUSINESS
Le prospect nécessite une validation avant demain.,The prospect needs validation before tomorrow.,BUSINESS
L'appel d'offres veut signer pour le closing.,The tender wants to sign for the closing.,BUSINESS
Le client nécessite une validation avant demain.,The client needs validation before tomorrow.,BUSINESS
Le prospect est gagné pour augmenter la marge.,The prospect is won to increase margin.,BUSINESS
Le client nécessite une validation pour augmenter la marge.,The client needs validation to increase margin.,BUSINESS
Le client veut signer pour augmenter la marge.,The client wants to sign to increase margin.,BUSINESS
Le client est gagné pour le closing.,The client is won for the closing.,BUSINESS
Le contrat hésite encore pour le closing.,The contract is still hesitating for the closing.,BUSINESS
L'appel d'offres est gagné pour le closing.,The tender is won for the closing.,BUSINESS
Le contrat est gagné avec la clause de sortie.,The contract is won with the exit clause.,BUSINESS
Le prospect hésite encore avant demain.,The prospect is still hesitating before tomorrow.,BUSINESS
Le prospect nécessite une validation pour augmenter la marge.,The prospect needs validation to increase margin.,BUSINESS
Le client est envoyé avant demain.,The client is sent before tomorrow.,BUSINESS
L'appel d'offres nécessite une validation avec la clause de sortie.,The tender needs validation with the exit clause.,BUSINESS
Le contrat hésite encore avant demain.,The contract is still hesitating before tomorrow.,BUSINESS
Le client est gagné avec la clause de sortie.,The client is won with the exit clause.,BUSINESS
Le contrat est gagné pour augmenter la marge.,The contract is won to increase margin.,BUSINESS
Le client veut signer avec la clause de sortie.,The client wants to sign with the exit clause.,BUSINESS
L'appel d'offres veut signer avant demain.,The tender wants to sign before tomorrow.,BUSINESS
L'appel d'offres est gagné pour augmenter la marge.,The tender is won to increase margin.,BUSINESS
Le contrat veut signer avant demain.,The contract wants to sign before tomorrow.,BUSINESS
Le contrat est envoyé pour augmenter la marge.,The contract is sent to increase margin.,BUSINESS
Le prospect est gagné avec la clause de sortie.,The prospect is won with the exit clause.,BUSINESS
Le client veut signer avant demain.,The client wants to sign before tomorrow.,BUSINESS
Le contrat est envoyé avant demain.,The contract is sent before tomorrow.,BUSINESS
Le prospect hésite encore pour le closing.,The prospect is still hesitating for the closing.,BUSINESS
L'offre inclut des stocks options plus variable.,Offer includes stock options plus variable.,HR_HIRING
On propose des stocks options si tu signes.,We offer stock options if you sign.,HR_HIRING
L'offre inclut une voiture de fonction plus variable.,Offer includes a company car plus variable.,HR_HIRING
Le salaire est négociable.,Salary is negotiable.,HR_HIRING
On propose une prime sur 13 mois.,We offer a bonus over 13 months.,HR_HIRING
Quel est ton salaire actuel ?,What is your current salary?,HR_HIRING
Quelles sont tes prétentions ?,What are your expectations?,HR_HIRING
La rémunération est fixe.,Compensation is fixed.,HR_HIRING
L'offre inclut une prime si tu signes.,Offer includes a bonus if you sign.,HR_HIRING
Le package contient une voiture de fonction sur 13 mois.,Package contains a company car over 13 months.,HR_HIRING
On propose une voiture de fonction si tu signes.,We offer a company car if you sign.,HR_HIRING
Le package contient des stocks options si tu signes.,Package contains stock options if you sign.,HR_HIRING
L'offre inclut une prime sur 13 mois.,Offer includes a bonus over 13 months.,HR_HIRING
Le package contient des stocks options sur 13 mois.,Package contains stock options over 13 months.,HR_HIRING
L'offre inclut un salaire de 45k plus variable.,Offer includes a 45k salary plus variable.,HR_HIRING
On propose des stocks options plus variable.,We offer stock options plus variable.,HR_HIRING
On propose un salaire de 45k sur 13 mois.,We offer a 45k salary over 13 months.,HR_HIRING
Le package contient une prime sur 13 mois.,Package contains a bonus over 13 months.,HR_HIRING
On propose une prime plus variable.,We offer a bonus plus variable.,HR_HIRING
Le package contient une voiture de fonction plus variable.,Package contains a company car plus variable.,HR_HIRING
On propose un salaire de 45k plus variable.,We offer a 45k salary plus variable.,HR_HIRING
Le package contient une voiture de fonction si tu signes.,Package contains a company car if you sign.,HR_HIRING
On propose une voiture de fonction sur 13 mois.,We offer a company car over 13 months.,HR_HIRING
L'offre inclut un salaire de 45k sur 13 mois.,Offer includes a 45k salary over 13 months.,HR_HIRING
Le package contient des stocks options plus variable.,Package contains stock options plus variable.,HR_HIRING
On propose des stocks options sur 13 mois.,We offer stock options over 13 months.,HR_HIRING
Le package contient une prime plus variable.,Package contains a bonus plus variable.,HR_HIRING
Le package contient un salaire de 45k si tu signes.,Package contains a 45k salary if you sign.,HR_HIRING
On propose une prime si tu signes.,We offer a bonus if you sign.,HR_HIRING
L'offre inclut un salaire de 45k si tu signes.,Offer includes a 45k salary if you sign.,HR_HIRING
L'offre inclut une voiture de fonction si tu signes.,Offer includes a company car if you sign.,HR_HIRING
L'offre inclut une voiture de fonction sur 13 mois.,Offer includes a company car over 13 months.,HR_HIRING
L'offre inclut des stocks options sur 13 mois.,Offer includes stock options over 13 months.,HR_HIRING
On propose un salaire de 45k si tu signes.,We offer a 45k salary if you sign.,HR_HIRING
L'offre inclut des stocks options si tu signes.,Offer includes stock options if you sign.,HR_HIRING
On propose une voiture de fonction plus variable.,We offer a company car plus variable.,HR_HIRING
Le package contient une prime si tu signes.,Package contains a bonus if you sign.,HR_HIRING
L'offre inclut une prime plus variable.,Offer includes a bonus plus variable.,HR_HIRING
Le package contient un salaire de 45k plus variable.,Package contains a 45k salary plus variable.,HR_HIRING
Le package contient un salaire de 45k sur 13 mois.,Package contains a 45k salary over 13 months.,HR_HIRING
Je demande un harcèlement car je ne me sens pas bien.,I request harassment because I don't feel well.,HR_COMPLAINT
Je demande un harcèlement immédiatement.,I request harassment immediately.,HR_COMPLAINT
Ce comportement me met en danger.,This behavior puts me in danger.,HR_COMPLAINT
Je demande un rendez-vous RH immédiatement.,I request an HR meeting immediately.,HR_COMPLAINT
L'ambiance est anxiogène.,The atmosphere is anxiety-inducing.,HR_COMPLAINT
Ce comportement est anxiogène.,This behavior is anxiety-inducing.,HR_COMPLAINT
Je demande un rendez-vous RH selon le règlement.,I request an HR meeting according to rules.,HR_COMPLAINT
La pression est anxiogène.,The pressure is anxiety-inducing.,HR_COMPLAINT
La pression est toxique.,The pressure is toxic.,HR_COMPLAINT
Je signale une rupture conventionnelle selon le règlement.,I report a mutual termination according to rules.,HR_COMPLAINT
Ce comportement est inacceptable.,This behavior is unacceptable.,HR_COMPLAINT
Ce comportement est toxique.,This behavior is toxic.,HR_COMPLAINT
Je veux un harcèlement immédiatement.,I want harassment immediately.,HR_COMPLAINT
L'ambiance est inacceptable.,The atmosphere is unacceptable.,HR_COMPLAINT
Je signale un harcèlement car je ne me sens pas bien.,I report harassment because I don't feel well.,HR_COMPLAINT
La pression est inacceptable.,The pressure is unacceptable.,HR_COMPLAINT
Je veux une rupture conventionnelle selon le règlement.,I want a mutual termination according to rules.,HR_COMPLAINT
Je signale une rupture conventionnelle car je ne me sens pas bien.,I report a mutual termination because I don't feel well.,HR_COMPLAINT
Je veux un rendez-vous RH selon le règlement.,I want an HR meeting according to rules.,HR_COMPLAINT
Je signale un harcèlement immédiatement.,I report harassment immediately.,HR_COMPLAINT
Je veux un harcèlement selon le règlement.,I want harassment according to rules.,HR_COMPLAINT
Je demande une rupture conventionnelle immédiatement.,I request a mutual termination immediately.,HR_COMPLAINT
La pression me met en danger.,The pressure puts me in danger.,HR_COMPLAINT
Je demande un harcèlement selon le règlement.,I request harassment according to rules.,HR_COMPLAINT
L'ambiance me met en danger.,The atmosphere puts me in danger.,HR_COMPLAINT
Je signale un rendez-vous RH car je ne me sens pas bien.,I report an HR meeting because I don't feel well.,HR_COMPLAINT
Je veux un rendez-vous RH car je ne me sens pas bien.,I want an HR meeting because I don't feel well.,HR_COMPLAINT
Je demande un rendez-vous RH car je ne me sens pas bien.,I request an HR meeting because I don't feel well.,HR_COMPLAINT
Je veux une rupture conventionnelle car je ne me sens pas bien.,I want a mutual termination because I don't feel well.,HR_COMPLAINT
Je signale un rendez-vous RH selon le règlement.,I report an HR meeting according to rules.,HR_COMPLAINT
L'ambiance est toxique.,The atmosphere is toxic.,HR_COMPLAINT
Je demande une rupture conventionnelle car je ne me sens pas bien.,I request a mutual termination because I don't feel well.,HR_COMPLAINT
Je signale une rupture conventionnelle immédiatement.,I report a mutual termination immediately.,HR_COMPLAINT
Je signale un harcèlement selon le règlement.,I report harassment according to rules.,HR_COMPLAINT
Je demande une rupture conventionnelle selon le règlement.,I request a mutual termination according to rules.,HR_COMPLAINT
Je veux une rupture conventionnelle immédiatement.,I want a mutual termination immediately.,HR_COMPLAINT
Je veux un rendez-vous RH immédiatement.,I want an HR meeting immediately.,HR_COMPLAINT
Je signale un rendez-vous RH immédiatement.,I report an HR meeting immediately.,HR_COMPLAINT
Je veux un harcèlement car je ne me sens pas bien.,I want harassment because I don't feel well.,HR_COMPLAINT
Ce type est nul c'est une blague.,That guy is useless it is a joke.,GOSSIP
Il est nul et tout le monde le sait.,He is useless and everyone knows it.,GOSSIP
Le manager est un lèche-bottes et tout le monde le sait.,The manager is a bootlicker and everyone knows it.,GOSSIP
Ce type est un lèche-bottes c'est une blague.,That guy is a bootlicker it is a joke.,GOSSIP
Ce type se la raconte c'est hallucinant.,That guy shows off it's mind-blowing.,GOSSIP
Elle ne sert à rien c'est une blague.,She is good for nothing it is a joke.,GOSSIP
Elle est un lèche-bottes franchement.,She is a bootlicker honestly.,GOSSIP
Le manager se la raconte c'est une blague.,The manager shows off it is a joke.,GOSSIP
Elle se la raconte c'est une blague.,She shows off it is a joke.,GOSSIP
Le nouveau est nul c'est une blague.,The new guy is useless it is a joke.,GOSSIP
Elle est incompétent et tout le monde le sait.,She is incompetent and everyone knows it.,GOSSIP
Le manager se la raconte c'est hallucinant.,The manager shows off it's mind-blowing.,GOSSIP
Le nouveau ne sert à rien c'est hallucinant.,The new guy is good for nothing it's mind-blowing.,GOSSIP
Elle se la raconte c'est hallucinant.,She shows off it's mind-blowing.,GOSSIP
Il se la raconte et tout le monde le sait.,He shows off and everyone knows it.,GOSSIP
Le nouveau est un lèche-bottes et tout le monde le sait.,The new guy is a bootlicker and everyone knows it.,GOSSIP
Le nouveau ne sert à rien et tout le monde le sait.,The new guy is good for nothing and everyone knows it.,GOSSIP
Ce type ne sert à rien c'est une blague.,That guy is good for nothing it is a joke.,GOSSIP
Il est un lèche-bottes c'est une blague.,He is a bootlicker it is a joke.,GOSSIP
Le nouveau ne sert à rien c'est une blague.,The new guy is good for nothing it is a joke.,GOSSIP
Ce type est nul franchement.,That guy is useless honestly.,GOSSIP
Elle ne sert à rien et tout le monde le sait.,She is good for nothing and everyone knows it.,GOSSIP
Le manager est nul franchement.,The manager is useless honestly.,GOSSIP
Elle est incompétent c'est hallucinant.,She is incompetent it's mind-blowing.,GOSSIP
Il est nul c'est une blague.,He is useless it is a joke.,GOSSIP
Elle est un lèche-bottes c'est une blague.,She is a bootlicker it is a joke.,GOSSIP
Il est nul franchement.,He is useless honestly.,GOSSIP
Il est incompétent franchement.,He is incompetent honestly.,GOSSIP
Le nouveau est nul c'est hallucinant.,The new guy is useless it's mind-blowing.,GOSSIP
Il est incompétent c'est une blague.,He is incompetent it is a joke.,GOSSIP
Il se la raconte c'est une blague.,He shows off it is a joke.,GOSSIP
Le manager est nul c'est une blague.,The manager is useless it is a joke.,GOSSIP
Ce type est incompétent franchement.,That guy is incompetent honestly.,GOSSIP
Il ne sert à rien et tout le monde le sait.,He is good for nothing and everyone knows it.,GOSSIP
Ce type est nul c'est hallucinant.,That guy is useless it's mind-blowing.,GOSSIP
Il est incompétent c'est hallucinant.,He is incompetent it's mind-blowing.,GOSSIP
Le nouveau est un lèche-bottes c'est une blague.,The new guy is a bootlicker it is a joke.,GOSSIP
Elle est nul c'est hallucinant.,She is useless it's mind-blowing.,GOSSIP
Elle est nul et tout le monde le sait.,She is useless and everyone knows it.,GOSSIP
Le nouveau se la raconte et tout le monde le sait.,The new guy shows off and everyone knows it.,GOSSIP
Le manager est un lèche-bottes c'est hallucinant.,The manager is a bootlicker it's mind-blowing.,GOSSIP
Le nouveau se la raconte c'est hallucinant.,The new guy shows off it's mind-blowing.,GOSSIP
Il est incompétent et tout le monde le sait.,He is incompetent and everyone knows it.,GOSSIP
Le manager est nul c'est hallucinant.,The manager is useless it's mind-blowing.,GOSSIP
Le nouveau est incompétent c'est hallucinant.,The new guy is incompetent it's mind-blowing.,GOSSIP
Il se la raconte c'est hallucinant.,He shows off it's mind-blowing.,GOSSIP
Elle ne sert à rien franchement.,She is good for nothing honestly.,GOSSIP
Ce type se la raconte et tout le monde le sait.,That guy shows off and everyone knows it.,GOSSIP
Elle est un lèche-bottes et tout le monde le sait.,She is a bootlicker and everyone knows it.,GOSSIP
Le nouveau ne sert à rien franchement.,The new guy is good for nothing honestly.,GOSSIP
Le nouveau est incompétent et tout le monde le sait.,The new guy is incompetent and everyone knows it.,GOSSIP
Le manager est incompétent franchement.,The manager is incompetent honestly.,GOSSIP
Ce type ne sert à rien c'est hallucinant.,That guy is good for nothing it's mind-blowing.,GOSSIP
Le manager est un lèche-bottes franchement.,The manager is a bootlicker honestly.,GOSSIP
Le manager est incompétent et tout le monde le sait.,The manager is incompetent and everyone knows it.,GOSSIP
Le nouveau est incompétent c'est une blague.,The new guy is incompetent it is a joke.,GOSSIP
Il se la raconte franchement.,He shows off honestly.,GOSSIP
Le manager est un lèche-bottes c'est une blague.,The manager is a bootlicker it is a joke.,GOSSIP
Le nouveau se la raconte franchement.,The new guy shows off honestly.,GOSSIP
Le manager se la raconte franchement.,The manager shows off honestly.,GOSSIP
Il est un lèche-bottes franchement.,He is a bootlicker honestly.,GOSSIP
Le nouveau se la raconte c'est une blague.,The new guy shows off it is a joke.,GOSSIP
Ce type est un lèche-bottes et tout le monde le sait.,That guy is a bootlicker and everyone knows it.,GOSSIP
Elle est un lèche-bottes c'est hallucinant.,She is a bootlicker it's mind-blowing.,GOSSIP
Elle ne sert à rien c'est hallucinant.,She is good for nothing it's mind-blowing.,GOSSIP
Ce type est un lèche-bottes c'est hallucinant.,That guy is a bootlicker it's mind-blowing.,GOSSIP
Ce type est un lèche-bottes franchement.,That guy is a bootlicker honestly.,GOSSIP
Ce type se la raconte franchement.,That guy shows off honestly.,GOSSIP
Il ne sert à rien c'est hallucinant.,He is good for nothing it's mind-blowing.,GOSSIP
Le manager est incompétent c'est une blague.,The manager is incompetent it is a joke.,GOSSIP
Le manager est nul et tout le monde le sait.,The manager is useless and everyone knows it.,GOSSIP
Le manager ne sert à rien c'est hallucinant.,The manager is good for nothing it's mind-blowing.,GOSSIP
Elle est nul c'est une blague.,She is useless it is a joke.,GOSSIP
Il est nul c'est hallucinant.,He is useless it's mind-blowing.,GOSSIP
Ce type est incompétent et tout le monde le sait.,That guy is incompetent and everyone knows it.,GOSSIP
Il ne sert à rien franchement.,He is good for nothing honestly.,GOSSIP
Ce type est incompétent c'est hallucinant.,That guy is incompetent it's mind-blowing.,GOSSIP
Le manager ne sert à rien et tout le monde le sait.,The manager is good for nothing and everyone knows it.,GOSSIP
Ce type est incompétent c'est une blague.,That guy is incompetent it is a joke.,GOSSIP
Le manager se la raconte et tout le monde le sait.,The manager shows off and everyone knows it.,GOSSIP
Il est un lèche-bottes et tout le monde le sait.,He is a bootlicker and everyone knows it.,GOSSIP
Elle se la raconte et tout le monde le sait.,She shows off and everyone knows it.,GOSSIP
Ce type ne sert à rien et tout le monde le sait.,That guy is good for nothing and everyone knows it.,GOSSIP
Elle est incompétent c'est une blague.,She is incompetent it is a joke.,GOSSIP
Ce type est nul et tout le monde le sait.,That guy is useless and everyone knows it.,GOSSIP
Il est un lèche-bottes c'est hallucinant.,He is a bootlicker it's mind-blowing.,GOSSIP
Le manager ne sert à rien franchement.,The manager is good for nothing honestly.,GOSSIP
Elle se la raconte franchement.,She shows off honestly.,GOSSIP
Le nouveau est nul et tout le monde le sait.,The new guy is useless and everyone knows it.,GOSSIP
Ce type se la raconte c'est une blague.,That guy shows off it is a joke.,GOSSIP
Elle est nul franchement.,She is useless honestly.,GOSSIP
Le nouveau est nul franchement.,The new guy is useless honestly.,GOSSIP
Le manager est incompétent c'est hallucinant.,The manager is incompetent it's mind-blowing.,GOSSIP
Elle est incompétent franchement.,She is incompetent honestly.,GOSSIP
Le manager ne sert à rien c'est une blague.,The manager is good for nothing it is a joke.,GOSSIP
Le nouveau est un lèche-bottes c'est hallucinant.,The new guy is a bootlicker it's mind-blowing.,GOSSIP
Ce type ne sert à rien franchement.,That guy is good for nothing honestly.,GOSSIP
Il ne sert à rien c'est une blague.,He is good for nothing it is a joke.,GOSSIP
Le nouveau est incompétent franchement.,The new guy is incompetent honestly.,GOSSIP
Le nouveau est un lèche-bottes franchement.,The new guy is a bootlicker honestly.,GOSSIP
Je t'aime mon amour.,I love you my love.,LOVE
Gros câlins.,Big hugs.,LOVE
Plein de bisous.,Lots of kisses.,LOVE
À ce soir mon cœur.,See you tonight sweetheart.,LOVE
Je t'aime ma chérie.,I love you my darling.,LOVE
Envie de toi.,Want you.,LOVE
Je t'embrasse ma chérie.,I kiss you my darling.,LOVE
Je t'aime très fort.,I love you very much.,LOVE
Tu me manques ma chérie.,I miss you my darling.,LOVE
Tu me manques très fort.,I miss you very much.,LOVE
Tu me manques mon amour.,I miss you my love.,LOVE
Je t'embrasse mon amour.,I kiss you my love.,LOVE
Je t'embrasse très fort.,I kiss you very much.,LOVE
Le script n'est pas typé(e) à la ligne 42.,The script is not typed at line 42.,TECH
La variable est asynchrone paramètre manquant.,The variable is asynchronous missing parameter.,TECH
L'API échoue cause syntaxe.,The API fails due to syntax.,TECH
L'API échoue paramètre manquant.,The API fails missing parameter.,TECH
La variable n'est pas typé(e) paramètre manquant.,The variable is not typed missing parameter.,TECH
Le commit est asynchrone cause syntaxe.,The commit is asynchronous due to syntax.,TECH
Le script est asynchrone à la ligne 42.,The script is asynchronous at line 42.,TECH
Le script est asynchrone paramètre manquant.,The script is asynchronous missing parameter.,TECH
Le compilateur est asynchrone paramètre manquant.,The compiler is asynchronous missing parameter.,TECH
Le compilateur renvoie une erreur à la ligne 42.,The compiler returns an error at line 42.,TECH
La variable échoue cause syntaxe.,The variable fails due to syntax.,TECH
La variable est asynchrone status 404.,The variable is asynchronous status 404.,TECH
Le commit est asynchrone à la ligne 42.,The commit is asynchronous at line 42.,TECH
La variable est asynchrone à la ligne 42.,The variable is asynchronous at line 42.,TECH
Le commit n'est pas typé(e) status 404.,The commit is not typed status 404.,TECH
Le script renvoie une erreur à la ligne 42.,The script returns an error at line 42.,TECH
Le commit échoue cause syntaxe.,The commit fails due to syntax.,TECH
L'API n'est pas typé(e) à la ligne 42.,The API is not typed at line 42.,TECH
Le compilateur n'est pas typé(e) paramètre manquant.,The compiler is not typed missing parameter.,TECH
La variable renvoie une erreur status 404.,The variable returns an error status 404.,TECH
Le commit renvoie une erreur cause syntaxe.,The commit returns an error due to syntax.,TECH
La variable renvoie une erreur paramètre manquant.,The variable returns an error missing parameter.,TECH
Le commit échoue à la ligne 42.,The commit fails at line 42.,TECH
Le compilateur n'est pas typé(e) à la ligne 42.,The compiler is not typed at line 42.,TECH
Le compilateur échoue paramètre manquant.,The compiler fails missing parameter.,TECH
La variable échoue à la ligne 42.,The variable fails at line 42.,TECH
La variable est asynchrone cause syntaxe.,The variable is asynchronous due to syntax.,TECH
L'API n'est pas typé(e) status 404.,The API is not typed status 404.,TECH
Le script n'est pas typé(e) paramètre manquant.,The script is not typed missing parameter.,TECH
L'API renvoie une erreur cause syntaxe.,The API returns an error due to syntax.,TECH
L'API est asynchrone cause syntaxe.,The API is asynchronous due to syntax.,TECH
La variable renvoie une erreur cause syntaxe.,The variable returns an error due to syntax.,TECH
L'API n'est pas typé(e) cause syntaxe.,The API is not typed due to syntax.,TECH
L'API renvoie une erreur à la ligne 42.,The API returns an error at line 42.,TECH
La variable n'est pas typé(e) status 404.,The variable is not typed status 404.,TECH
Le commit est asynchrone paramètre manquant.,The commit is asynchronous missing parameter.,TECH
Le compilateur est asynchrone à la ligne 42.,The compiler is asynchronous at line 42.,TECH
L'API échoue status 404.,The API fails status 404.,TECH
Le compilateur renvoie une erreur paramètre manquant.,The compiler returns an error missing parameter.,TECH
Le commit échoue status 404.,The commit fails status 404.,TECH
Le commit échoue paramètre manquant.,The commit fails missing parameter.,TECH
Le script échoue à la ligne 42.,The script fails at line 42.,TECH
La variable échoue paramètre manquant.,The variable fails missing parameter.,TECH
Le script est asynchrone status 404.,The script is asynchronous status 404.,TECH
L'API est asynchrone paramètre manquant.,The API is asynchronous missing parameter.,TECH
L'API est asynchrone à la ligne 42.,The API is asynchronous at line 42.,TECH
L'API échoue à la ligne 42.,The API fails at line 42.,TECH
Le script n'est pas typé(e) status 404.,The script is not typed status 404.,TECH
Le script échoue cause syntaxe.,The script fails due to syntax.,TECH
Le commit n'est pas typé(e) à la ligne 42.,The commit is not typed at line 42.,TECH
L'API n'est pas typé(e) paramètre manquant.,The API is not typed missing parameter.,TECH
Le compilateur échoue cause syntaxe.,The compiler fails due to syntax.,TECH
Le commit renvoie une erreur à la ligne 42.,The commit returns an error at line 42.,TECH
L'API renvoie une erreur paramètre manquant.,The API returns an error missing parameter.,TECH
La variable échoue status 404.,The variable fails status 404.,TECH
Le script renvoie une erreur status 404.,The script returns an error status 404.,TECH
Le commit n'est pas typé(e) paramètre manquant.,The commit is not typed missing parameter.,TECH
Le compilateur n'est pas typé(e) status 404.,The compiler is not typed status 404.,TECH
Le compilateur est asynchrone status 404.,The compiler is asynchronous status 404.,TECH
La variable renvoie une erreur à la ligne 42.,The variable returns an error at line 42.,TECH
Le commit renvoie une erreur paramètre manquant.,The commit returns an error missing parameter.,TECH
L'API est asynchrone status 404.,The API is asynchronous status 404.,TECH
Le script échoue status 404.,The script fails status 404.,TECH
Le compilateur est asynchrone cause syntaxe.,The compiler is asynchronous due to syntax.,TECH
Le compilateur renvoie une erreur status 404.,The compiler returns an error status 404.,TECH
Le commit n'est pas typé(e) cause syntaxe.,The commit is not typed due to syntax.,TECH
Le compilateur échoue status 404.,The compiler fails status 404.,TECH
Le compilateur renvoie une erreur cause syntaxe.,The compiler returns an error due to syntax.,TECH
La variable n'est pas typé(e) à la ligne 42.,The variable is not typed at line 42.,TECH
Le script renvoie une erreur cause syntaxe.,The script returns an error due to syntax.,TECH
Le script n'est pas typé(e) cause syntaxe.,The script is not typed due to syntax.,TECH
Le script échoue paramètre manquant.,The script fails missing parameter.,TECH
Le commit renvoie une erreur status 404.,The commit returns an error status 404.,TECH
Le compilateur échoue à la ligne 42.,The compiler fails at line 42.,TECH
Le script renvoie une erreur paramètre manquant.,The script returns an error missing parameter.,TECH
Le commit est asynchrone status 404.,The commit is asynchronous status 404.,TECH
Le compilateur n'est pas typé(e) cause syntaxe.,The compiler is not typed due to syntax.,TECH
Le script est asynchrone cause syntaxe.,The script is asynchronous due to syntax.,TECH
La variable n'est pas typé(e) cause syntaxe.,The variable is not typed due to syntax.,TECH
L'API renvoie une erreur status 404.,The API returns an error status 404.,TECH
Le disque ne répond plus à 90%.,The disk is not responding at 90%.,INFRA
Le serveur est down à 90%.,The server is down at 90%.,INFRA
Le disque est plein à 90%.,The disk is full at 90%.,INFRA
Le serveur est plein à 90%.,The server is full at 90%.,INFRA
Le serveur est down dans la salle serveur.,The server is down in server room.,INFRA
La RAM est plein à 90%.,RAM is full at 90%.,INFRA
Le switch est plein dans la salle serveur.,The switch is full in server room.,INFRA
Le serveur ne répond plus dans la salle serveur.,The server is not responding in server room.,INFRA
La RAM est down dans la salle serveur.,RAM is down in server room.,INFRA
Le serveur est down redémarrage requis.,The server is down reboot required.,INFRA
Le switch est down dans la salle serveur.,The switch is down in server room.,INFRA
Le disque est plein dans la salle serveur.,The disk is full in server room.,INFRA
Le switch est down redémarrage requis.,The switch is down reboot required.,INFRA
La RAM surchauffe à 90%.,RAM overheats at 90%.,INFRA
La RAM ne répond plus à 90%.,RAM is not responding at 90%.,INFRA
La RAM ne répond plus dans la salle serveur.,RAM is not responding in server room.,INFRA
Le disque est down à 90%.,The disk is down at 90%.,INFRA
Le switch est down à 90%.,The switch is down at 90%.,INFRA
Le disque est plein redémarrage requis.,The disk is full reboot required.,INFRA
Le disque surchauffe redémarrage requis.,The disk overheats reboot required.,INFRA
La RAM ne répond plus redémarrage requis.,RAM is not responding reboot required.,INFRA
Le disque ne répond plus dans la salle serveur.,The disk is not responding in server room.,INFRA
Le serveur ne répond plus redémarrage requis.,The server is not responding reboot required.,INFRA
Le serveur est plein redémarrage requis.,The server is full reboot required.,INFRA
Le serveur surchauffe redémarrage requis.,The server overheats reboot required.,INFRA
La RAM surchauffe redémarrage requis.,RAM overheats reboot required.,INFRA
La RAM est plein redémarrage requis.,RAM is full reboot required.,INFRA
Le disque surchauffe dans la salle serveur.,The disk overheats in server room.,INFRA
Le switch surchauffe à 90%.,The switch overheats at 90%.,INFRA
Le switch surchauffe redémarrage requis.,The switch overheats reboot required.,INFRA
La RAM est down à 90%.,RAM is down at 90%.,INFRA
Le serveur ne répond plus à 90%.,The server is not responding at 90%.,INFRA
Le disque est down redémarrage requis.,The disk is down reboot required.,INFRA
Le switch surchauffe dans la salle serveur.,The switch overheats in server room.,INFRA
La RAM surchauffe dans la salle serveur.,RAM overheats in server room.,INFRA
Le disque est down dans la salle serveur.,The disk is down in server room.,INFRA
Le disque ne répond plus redémarrage requis.,The disk is not responding reboot required.,INFRA
Le serveur est plein dans la salle serveur.,The server is full in server room.,INFRA
Le switch ne répond plus redémarrage requis.,The switch is not responding reboot required.,INFRA
La RAM est down redémarrage requis.,RAM is down reboot required.,INFRA
Le switch ne répond plus à 90%.,The switch is not responding at 90%.,INFRA
Le switch est plein redémarrage requis.,The switch is full reboot required.,INFRA
Le serveur surchauffe à 90%.,The server overheats at 90%.,INFRA
Le disque surchauffe à 90%.,The disk overheats at 90%.,INFRA
Le serveur surchauffe dans la salle serveur.,The server overheats in server room.,INFRA
Le switch ne répond plus dans la salle serveur.,The switch is not responding in server room.,INFRA
Le switch est plein à 90%.,The switch is full at 90%.,INFRA
La RAM est plein dans la salle serveur.,RAM is full in server room.,INFRA
Le port 22 détecte un malware payload inconnu.,Port 22 detects malware unknown payload.,CYBER
Le port 22 détecte un malware tentative d'intrusion.,Port 22 detects malware intrusion attempt.,CYBER
Le firewall bloque une IP critique.,The firewall blocks an IP critical.,CYBER
Le firewall détecte un malware critique.,The firewall detects malware critical.,CYBER
Le port 22 subit une attaque critique.,Port 22 is under attack critical.,CYBER
L'antivirus bloque une IP tentative d'intrusion.,Antivirus blocks an IP intrusion attempt.,CYBER
Le firewall détecte un malware payload inconnu.,The firewall detects malware unknown payload.,CYBER
Le port 22 subit une attaque payload inconnu.,Port 22 is under attack unknown payload.,CYBER
Le firewall bloque une IP payload inconnu.,The firewall blocks an IP unknown payload.,CYBER
L'antivirus détecte un malware payload inconnu.,Antivirus detects malware unknown payload.,CYBER
Le firewall subit une attaque payload inconnu.,The firewall is under attack unknown payload.,CYBER
Le port 22 bloque une IP tentative d'intrusion.,Port 22 blocks an IP intrusion attempt.,CYBER
L'antivirus détecte un malware critique.,Antivirus detects malware critical.,CYBER
Le firewall bloque une IP tentative d'intrusion.,The firewall blocks an IP intrusion attempt.,CYBER
L'antivirus bloque une IP critique.,Antivirus blocks an IP critical.,CYBER
Le firewall subit une attaque critique.,The firewall is under attack critical.,CYBER
Le firewall subit une attaque tentative d'intrusion.,The firewall is under attack intrusion attempt.,CYBER
L'antivirus détecte un malware tentative d'intrusion.,Antivirus detects malware intrusion attempt.,CYBER
L'antivirus subit une attaque tentative d'intrusion.,Antivirus is under attack intrusion attempt.,CYBER
Le port 22 détecte un malware critique.,Port 22 detects malware critical.,CYBER
L'antivirus bloque une IP payload inconnu.,Antivirus blocks an IP unknown payload.,CYBER
L'antivirus subit une attaque critique.,Antivirus is under attack critical.,CYBER
L'antivirus subit une attaque payload inconnu.,Antivirus is under attack unknown payload.,CYBER
Le port 22 bloque une IP critique.,Port 22 blocks an IP critical.,CYBER
Le port 22 bloque une IP payload inconnu.,Port 22 blocks an IP unknown payload.,CYBER
Le port 22 subit une attaque tentative d'intrusion.,Port 22 is under attack intrusion attempt.,CYBER
Le firewall détecte un malware tentative d'intrusion.,The firewall detects malware intrusion attempt.,CYBER
Je m'en occupe.,I'm on it.,MISC
Merci beaucoup.,Thank you very much.,MISC
À plus tard.,See you later.,MISC
Ok pour moi.,Ok for me.,MISC
J'arrive.,I'm coming.,MISC
Bien reçu.,Well received.,MISC
C'est noté.,Duly noted.,MISC
